{
  "__type__": "cc.SpriteFrame",
  "content": {
    "name": "CuuHuyenBtnActive",
    "atlas": "",
    "rect": {
      "x": 0,
      "y": 5,
      "width": 485,
      "height": 105
    },
    "offset": {
      "x": 0,
      "y": 0.5
    },
    "originalSize": {
      "width": 485,
      "height": 116
    },
    "rotated": false,
    "capInsets": [
      0,
      0,
      0,
      0
    ],
    "vertices": {
      "rawPosition": [
        -242.5,
        -52.5,
        0,
        242.5,
        -52.5,
        0,
        -242.5,
        52.5,
        0,
        242.5,
        52.5,
        0
      ],
      "indexes": [
        0,
        1,
        2,
        2,
        1,
        3
      ],
      "uv": [
        0,
        111,
        485,
        111,
        0,
        6,
        485,
        6
      ],
      "nuv": [
        0,
        0.05172413793103448,
        1,
        0.05172413793103448,
        0,
        0.9568965517241379,
        1,
        0.9568965517241379
      ],
      "minPos": {
        "x": -242.5,
        "y": -52.5,
        "z": 0
      },
      "maxPos": {
        "x": 242.5,
        "y": 52.5,
        "z": 0
      }
    },
    "texture": "c70d7db0-ba7e-4ecd-9154-a20152ac78a2@6c48a",
    "packable": true,
    "pixelsToUnit": 100,
    "pivot": {
      "x": 0.5,
      "y": 0.5
    },
    "meshType": 0
  }
}