{
  "gizmos-infos": {
    "is2D": true,
    "is3DIcon": false,
    "iconSize": 2,
    "gridVisible": true,
    "originAxis2D": {
      "x_visible": true,
      "y_visible": true,
      "z_visible": false
    },
    "originAxis3D": {
      "x_visible": true,
      "y_visible": false,
      "z_visible": true
    },
    "gridColor": [
      166,
      166,
      166,
      255
    ],
    "transformToolName": "position",
    "pivot": "pivot",
    "coordinate": "local",
    "toolsVisibility3d": true
  },
  "__version__": "1.0.3",
  "builder": {},
  "snap-configs": {
    "position": {
      "x": 1,
      "y": 1,
      "z": 1
    },
    "rotation": 1,
    "scale": 1,
    "isPositionSnapEnabled": false,
    "isRotationSnapEnabled": false,
    "isScaleSnapEnabled": false
  },
  "rect-snap-configs": {
    "enableSnapping": true,
    "snapThreshold": 4
  },
  "camera-infos": {
    "f44570a3-37bd-4843-b635-dcf6d17fbc37": {
      "position": {
        "x": 640,
        "y": 360.00000000000006,
        "z": 5000
      },
      "rotation": {
        "x": 0,
        "y": 0,
        "z": 0,
        "w": 1
      },
      "viewCenter": {
        "x": 0,
        "y": 0,
        "z": 0
      },
      "contentRect": {
        "x": 0,
        "y": 5.684341886080802e-14,
        "width": 371.70000000000005,
        "height": 209.08125000000004
      },
      "scale": 0.29039062500000007
    },
    "1d3ded14-e616-4837-9278-45defbafbc13": {
      "position": {
        "x": 640,
        "y": 360.00000000000006,
        "z": 5000
      },
      "rotation": {
        "x": 0,
        "y": 0,
        "z": 0,
        "w": 1
      },
      "viewCenter": {
        "x": 0,
        "y": 0,
        "z": 0
      },
      "contentRect": {
        "x": -517.0621468926552,
        "y": -626.602098466505,
        "width": 300,
        "height": 150
      },
      "scale": 0.29039062500000007
    },
    "815e9e29-6134-43bc-b08a-456a21acfb24": {
      "position": {
        "x": 360,
        "y": 640,
        "z": 5000
      },
      "rotation": {
        "x": 0,
        "y": 0,
        "z": 0,
        "w": 1
      },
      "viewCenter": {
        "x": 0,
        "y": 0,
        "z": 0
      },
      "contentRect": {
        "x": -66.57187291712955,
        "y": 426.7140635414352,
        "width": 1051,
        "height": 643
      },
      "scale": 0.35164062500000004
    },
    "f2faf5b8-6f8d-40c7-8449-afbd15358cc4": {
      "position": {
        "x": 345.4323226446906,
        "y": 202.53924008709367,
        "z": 5000
      },
      "rotation": {
        "x": 0,
        "y": 0,
        "z": 0,
        "w": 1
      },
      "viewCenter": {
        "x": 0,
        "y": 0,
        "z": 0
      },
      "contentRect": {
        "x": -967.3657973519221,
        "y": -600.6284013570756,
        "width": 300,
        "height": 150
      },
      "scale": 0.4002900308855987
    }
  },
  "camera-uuids": [
    "f44570a3-37bd-4843-b635-dcf6d17fbc37",
    "1d3ded14-e616-4837-9278-45defbafbc13",
    "815e9e29-6134-43bc-b08a-456a21acfb24",
    "f2faf5b8-6f8d-40c7-8449-afbd15358cc4"
  ],
  "camera": {
    "color": [
      48,
      48,
      48,
      255
    ],
    "fov": 45,
    "far": 10000,
    "near": 0.01,
    "wheelSpeed": 0.01,
    "wanderSpeed": 10,
    "enableAcceleration": true,
    "size": "__default_design__",
    "far2D": 10000,
    "near2D": 1,
    "wheelSpeed2D": 6,
    "iso": 0,
    "aperture": 19,
    "shutter": 7
  },
  "float-window": {
    "position": {
      "cc": {
        "Camera": {
          "dock": false,
          "top": null,
          "bottom": 10,
          "left": null,
          "right": 10
        }
      }
    }
  }
}
